"${0} ${1} already exists.","${0} ${1} در حال حاضر وجود دارد.",
"${0} ${1} does not exist","${0} ${1} وجود ندارد.",
"${0} ${1} has been modified after loading","${0} ${1} پس از بارگیری تغییر کرده است.",
"${0} ${1} is linked with existing records.","${0} ${1} با رکوردهای موجود مرتبط است.",
"${0} account not set in Inventory Settings.","حساب ${0} در تنظیمات انبارداری تنظیم نشده است.",
"${0} already saved","${0} قبلاً ذخیره شده است",
"${0} already submitted","${0} قبلاً ثبت شده است",
"${0} cancelled","${0} لغو شد",
"${0} cannot be cancelled","${0} قابل لغو نیست.",
"${0} cannot be deleted","${0} قابل حذف نیست",
"${0} deleted","${0} حذف شد",
"${0} entries failed","${0} مورد ناموفق بود",
"${0} entries imported","${0} موارد وارد شد",
"${0} entry failed","${0} مورد ناموفق بود",
"${0} entry imported","${0} مورد وارد شد.",
"${0} fields selected","${0} فیلد ها انتخاب شده است.",
"${0} filters applied","${0} فیلترها اعمال شده است",
"${0} of type ${1} does not exist","${0} از نوع ${1} وجود ندارد",
"${0} out of ${1}","${0} از ${1}",
"${0} party ${1} is different from ${2}","${0} طرف حساب ${1} متفاوت است با ${2}",
"${0} quantity 1 added.","مقدار ۱ ${0} اضافه شد.",
"${0} row added.","یک ردیف اضافه شد.",
"${0} rows","${0} ردیف",
"${0} rows added.","ردیف های ${0} اضافه شدند.",
"${0} saved","${0} ذخیره شد",
"${0} shortcuts","شارت کت ها ${0}",
"${0} stored at ${1}","${0} در ${1} ذخیره شده است",
"${0} submitted","${0} ثبت شده است",
"${0} value ${1} does not exist.","مقدار ${1} برای ${0} وجود ندارد.",
0%,,
03-23-2022,03-23-1402,
03/23/2022,03/23/1402,
"1 filter applied","1 فلتر اعمال شده",
2022-03-23,1402-03-23,
"23 Mar, 2022","1402,23 حمل",
23-03-2022,23-3-1402,
23.03.2022,23.03.1402,
23/03/2022,23/03/1402,
9888900000,0797987769,
"A submittable entry is deleted only if it is in the cancelled state.","یک مورد ثبت شونده زمانی حذف میشود که در حالت لغو شده قرار داشته باشد.",
Account,حساب ,
"Account ${0} does not exist.","حساب ${0} وجود ندارد.",
"Account Entries","ورودی های حساب",
"Account Name","نام حساب",
"Account Type","نوع حساب ",
Accounting,حسابداری,
"Accounting Entries","ثبت شده های حسابداری",
"Accounting Ledger Entry","ثبت شده در دفتر کل",
"Accounting Settings","تنظیمات حسابداری",
Accounts,"حساب ها",
"Accounts Payable","حساب های پرداختنی",
"Accounts Receivable","حساب های دریافتنی",
"Accumulated Depreciation","مجموع کاهش ارزش دارایی ها",
Action," اقدام",
Active,فعال,
"Add Account","افزودن حساب",
"Add Customers","افزودن مشتریان",
"Add Group","افزودن گروه",
"Add Items","افزودن کالاها",
"Add Row","افزودن ردیف",
"Add Suppliers","افزودن تامین کنندگان",
"Add Taxes","افزودن مالیات ها",
"Add a few customers to create your first sales invoice","برای ایجاد اولین فاکتور فروش خود چند مشتری اضافه کنید",
"Add a few suppliers to create your first purchase invoice","برای ایجاد اولین فاکتور خرید خود چند تامین‌کننده اضافه کنید",
"Add a filter","افزودن فیلتر",
"Add a remark","افزودن ملاحظه",
"Add attachment","اضافه کردن ضمیمه",
"Add invoice terms","افزودن یادداشت فاکتور",
"Add products or services that you buy from your suppliers","افزودن محصولات یا خدماتی که از تامین‌کنندگان خرید می‌کنید",
"Add products or services that you sell to your customers","افزودن محصولات یا خدماتی که به مشتریانتان می‌فروشید",
"Add transfer terms","افزودن یادداشت انتقال",
"Additional ${0} Serial Numbers required for ${1} quantity of ${2}.","${0} سریال نمبر اضافی نیاز است به تعداد ${1} برای ${2}",
"Additional quantity (${0}) required${1} to make outward transfer of item ${2} from ${3} on ${4}","مقدار اضافی (${0}) برای انتقال خروجی کالای ${2} از ${3} در تاریخ ${4} مورد نیاز است${1}",
Address,آدرس,
"Address Display","نمایش آدرس",
"Address Line 1","آدرس 1",
"Address Line 2","آدرس 2",
"Address Name","نام آدرس",
"Administrative Expenses","مصارف اداری",
All,همه,
Amount,"مجموع",
"Amount Paid","مبلغ پرداخت شده",
"Amount: ${0} and writeoff: ${1} is less than the total amount allocated to references: ${2}.","مقدار: ${0} و مقدار کسر (مبلغ لغو شده از قرض) :${1} کمتر از مجموع مقدار است که به رفرنس :${2}  اختصاص داده شده",
"Amount: ${0} is less than the total amount allocated to references: ${1}.","مقدار: ${0} کمتر از قمیت مجموع اختصاص داده شده به رفرنس ${1} است",
Amounts,مقادیر,
"An entry is cancelled only if it is in the submitted state.","یک مورد فقط در صورتی لغو می شود که در وضعیت ثبت شده باشد.",
"An entry is submitted only if it is submittable and is in the saved state.","یک مورد فقط در صورتی ثبت می شود که قابل ثبت باشد و در وضعیت ذخیره شده باشد.",
"An error occurred.","خطایی رخ داد.",
"Applicable anywhere in Frappe Books","در هر جای کتاب های Frappe قابل اجرا است",
"Applicable when Quick Search is open","قابل اجرا زمانی که پنجره جستجو باز است",
"Applicable when Template Builder is open","قابل اجرا زمانی که سازنده قالب باز است",
"Applicable when a entry is open in the Form view or Quick Edit view","قابل اجرا زمانی که یک مورد در ویرایش سریع ویا در فرم باز است",
"Applicable when the List View of an entry type is open","قابل اجرا زمانی که یک لیست ویا یک مورد باز است",
"Application of Funds (Assets)","دارایی ها",
"Apply Discount After Tax","اعمال تخفیف بعد از مالیات",
"Apply and view changes made to the print template","اعمال و مشاهده تغییرات اعمال شده در قالب چاپ",
April,آپریل,
Arial,,
"Ascending Order","ترتیب صعودی",
Asset,دارایی,
Attachment,ضمیمه,
August,آگست,
"Auto Payments","پرداخت های خودکار",
"Auto Stock Transfer",انتقال اجناس خودکار,
"Back Reference","رفرنس فروش",
"Bad import data, could not read file.","داده‌های وارد شده نامعتبر است، امکان خواندن فایل وجود ندارد",
Balance,بیلانس,
Balance Sheet,بیلانس شیت,
Bank,بانک,
"Bank Accounts","حساب های بانکی",
"Bank Entry","ثبت بانک",
"Bank Name","نام بانک",
"Bank Overdraft Account","حساب اضافه پرداخت بانکی",
Barcode,بارکد,
"Base Grand Total","قیمت کل ",
"Based On","بر اساس",
Batch,دسته,
"Batch not set for row ${0}.","دسته برای ردیف ${0} تعیین نشده است.",
"Batch set for row ${0}.","دسته برای ردیف ${0} تعیین شده است.",
"Bill Created","قبض ایجاد شد",
Billing,"صدور صورت حساب",
Black,سیاه,
Blue,آبی,
Both,"هر دو (خرید و فروش)",
"Both From and To Location cannot be undefined","هر دو مکان از و به نمی‌تواند تعریف نشده باشند",
Buildings,"ساختمان ها",
Cancel,"لغو کردن",
"Cancel ${0}?","را لغو کنید؟ ${0} آیا میخواهید",
"Cancel or Delete an entry.","حذف ویا لغو یک مورد.",
Cancelled,"لغو شد",
"Cannot Commit Error","خطای COMMIT",
"Cannot Delete","نمیتوان حذف کرد",
"Cannot Export","نمیتوان استخراج گرفت",
"Cannot Import","نمیتوان وارد کرد",
"Cannot Open File","نمی‌توان فایل را باز کرد",
"Cannot cancel ${0} ${1} because of the following ${2}: ${3}","${0} ${1} را نمیتوان لغو کرد به دلیل ${2} : ${3}",
"Cannot delete ${0} ""${1}"" because of linked entries.","'${0} ""${1}"" را به دلیل وابستگی به رکود های نمیتوان حذف کرد '",
"Cannot open file",نمیتوان فایل را باز کرد,
"Cannot perform operation.","عملیات قابل اجرا نیست.",
"Cannot read file","فایل قابل خواندن نیست",
"Capital Equipments","ماشین‌آلات و تجهیزات",
"Capital Stock","مجموع سهام صادر شده",
Cash,"پول نقد",
"Cash Entry","ثبت نقدی",
"Cash In Hand","موجودی نقدی",
Cashflow,"جریان نقدی",
"Central Tax","مالیات مرکزی",
"Change DB","تغیر دیتابیس",
"Change File","تغییر فایل",
"Change Ref Type","تغییر نوع رفرنس ",
"Changes made to settings will be visible on reload.","تغییرات اعمال شده در تنظیمات پس از بارگذاری قابل مشاهده خواهند بود.",
Chargeable,"قابل دریافت",
"Chart Of Accounts Reviewed","چارت حساب های بررسی شده",
"Chart of Accounts","چارت حساب ها",
Cheque,چک,
"City / Town","شهر / شهرک",
Clear,"پاک کردن",
"Clearance Date","تاریخ تسویه حساب",
Close,بستن,
"Close Frappe Books and try manually.","Frappe Books را ببندید و دستی امتحان کنید.",
"Close Quick Search","بستن جستجو",
Closing,خاتمه,
"Closing (Cr)"," خاتمه (کردیت)",
"Closing (Dr)",خاتمه(دبت),
Collapse,"جمع کردن",
Color,رنگ,
"Commission on Sales","کمیشن فروش",
Common,عمومی,
Company,شرکت,
"Company Logo","لوگوی شرکت",
"Company Name","نام شرکت",
"Company Setup","راه اندازی شرکت",
Completed,"تکمیل شده",
Condition,شرط,
"Consolidate Columns","یکی کردن ستون ها",
Contacts,مخاطبین,
Contains,شامل,
"Continue submitting Sales Invoice?",آیا میخواهید فاكتور را ثبت کنید؟,
"Contra Entry","ثبت متقابل",
"Conversion Error","خطای تبدیل",
"Conversion Factor","ضریب تبدیل",
"Cost Of Goods Sold Acc.","حساب هزینه کالاهای فروخته شده",
"Cost of Goods Sold","هزینه کالاهای فروخته شده",
"Could not connect to database file ${0}, please select the file manually","نمی توان به فایل دیتابیس ${0} متصل شد، لطفاً فایل را به صورت دستی انتخاب کنید",
Country,کشور,
"Country Code","کد کشور",
"Country code used to initialize regional settings.","کد کشور برای تنظیمات منطقه‌ای مورد استفاده قرار می‌گیرد.",
Courier,,
Cr.,کردیت.,
"Cr. ${0}","کردیت ${0}",
Create,"ایجاد",
"Create Demo","ایجاد نسخه ی نمایشی",
"Create Purchase","ایجاد خرید",
"Create Purchase Invoice","ایجاد فاکتور خرید",
"Create Sale","ایجاد فروش ",
"Create Sales Invoice","ایجاد فاکتور فروش",
"Create a demo company to try out Frappe Books",ایجاد یک شرکت آزمایشی برای چک کردن نرم افزار,
"Create a new company and store it on your computer",ایجاد دیتابیس جدید و ذخیره آن در کمپیوتر شما,
"Create a new company or select an existing one from your computer",ایجاد دیتابیس جدید و یا انتخاب دیتابیس موجود از کمپیوتر شما,
"Create a new entry of the same type as the List View","ایجاد یک مورد جدید از همان نوع لیست",
"Create new ${0} entry?","ایجاد مورد جدید ${0}؟",
"Create your first purchase invoice from the created supplier","اولین فاکتور خرید خود را برای تامین کننده مورد نظر ایجاد کنید.",
"Create your first sales invoice for the created customer","برای مشتری ایجاد شده اولین فاکتور فروش خود را ایجاد کنید.",
Created,"ایجاد شد",
"Created By","ایجاد شده توسط",
"Creating Items and Parties","ایجاد کالاها و طرف ها",
"Creating Journal Entries","ایجاد کردن ورودی‌های دفتر روزنامچه",
"Creating Purchase Invoices","ایجاد فاکتورهای خرید",
Credit,کردیت,
"Credit Card Entry","ثبت کارت اعتباری",
"Credit Note",ثبت اعلامیه طلبکار,
Creditors,"طلبکار ها",
Currency,ارز ,
"Currency Name","نام ارز",
Current,"در حال حاضر ",
"Current Assets","دارایی های جاری",
"Current Liabilities","بدهی های جاری",
"Custom Hex",,
Customer,مشتری,
"Customer Created","مشتری ایجاد شد",
"Customer Currency","ارز مشتری",
Customers,مشتریان,
Customizations,"سفارشی سازی",
"Customize your invoices by adding a logo and address details","سفارشی کردن فاکتورهای خود با افزودن لوگو و جزئیات آدرس",
Dashboard,داشبورد,
"Database Error","خطای دیتابیس",
"Database file: ${0}","فایل دیتابیس: ${0}",
Date,تاریخ,
"Date Format"," فرمت تاریخ",
Day,روز,
Debit,دبت,
"Debit Note",ثبت اعلامیه قرض دار,
Debtors,"قرض دار ها",
December,دسمبر,
"Decrease print template display scale","کوچک نمایی صفحه نمایش قالب چاپ",
Default,"پیش فرض",
"Default Account","حساب پیش فرض ",
"Default Location","انبار پیش فرض",
Defaults,"پیش فرض ها",
Delete,حذف,
"Delete ${0}?","؟ ${0} حذف",
"Delete Failed","حذف ناموفق",
Delivered,"تحویل داده شد",
Depreciation,استهلاک,
"Depreciation Entry","ثبت استهلاک",
Description,توضیحات,
Details,جزئیات,
"Direct Expenses","مصارف مستقیم",
"Direct Income","درآمد مستقیم",
"Directory for database file ${0} does not exist, please select the file manually","فولدر دیتابیس ${0}  وجود ندارد، لطفاً دیتابیس را به صورت دستی انتخاب کنید",
Disabled,"غيرفعال",
"Discount Account","حساب تخفیف",
"Discount Account is not set.","حساب تخفیف تنظیم نشده است.",
"Discount Amount","مبلغ تخفیف",
"Discount Amount (${0}) cannot be greated than Amount (${1}).","مقدار تخفیف (${0}) نمی‌تواند بیشتر از مقدار (${1}) باشد.",
"Discount Percent","فیصدی تخفیف",
"Discount Percent (${0}) cannot be greater than 100.","درصد تخفیف (${0}) نمی‌تواند بیشتر از 100 باشد.",
"Discounted Amount","مبلغ بعد از تخفیف",
Discounts,تخفیف‌ها,
"Display Doc","نمایش سند",
"Display Logo in Invoice","نمایش لوگو در فاکتور",
"Display Precision","رقمهای بعد اعشاری",
"Display Precision should have a value between 0 and 9.","رقمهای بعد اعشاری  باید مقداری بین 0 تا 9 داشته باشد.",
"Display Scale","مقیاس نمایش",
"Dividends Paid","سود سهام پرداخت شده",
"Doc ${0} ${1} not set","سند ${0} ${1} تنظیم نشده است",
Docs,اسناد,
Documentation,مستندات,
"Does Not Contain","شامل نباشد",
Done,"انجام شده",
Dr.,دبت.,
"Dr. ${0}","دبت. ${0}",
Draft,"پیش نویس",
Duplicate,"کاپی همانند",
"Duplicate Entry","ورودی تکراری",
"Duplicate Template","قالب تکراری",
"Duplicate columns found: ${0}","ستون‌های تکراری یافت شد: ${0}",
"Duties and Taxes",مالیات و عوارض,
"Earnest Money",بيعانه (پیش پرداخت),
"Electronic Equipments","تجهیزات الکترونیکی",
Email,ایمیل,
"Email Address","آدرس ایمیل",
Empty,خالی,
"Empty file selected","فایل خالی انتخاب شده است",
"Enable Barcodes","فعال کردن بارکد",
"Enable Batches",,
"Enable Discount Accounting","فعال کردن حسابداری تخفیف",
"Enable Inventory","فعال کردن انبارداری",
"Enable Price List","فعال کردن لیست قیمت ها",
"Enable Serial Number","فعال کردن سریال نمبر",
"Enable UOM Conversion"," فعال کردن تبدیل واحد های اندازه گیری",
Enabled,"فعال شده",
"Enabled For","فعال برای",
"Enter Country to load States","کشور را برای انتخاب ولایات وارد کنید",
"Enter State","ولایت را وارد کنید",
"Enter barcode","بارکد را وارد کنید",
"Entertainment Expenses","مصارف سرگرمی (خوشگزرانی)",
Entry,مورد,
"Entry Currency"," ارز مورد",
"Entry Label"," عنوان مورد",
"Entry No"," شماره مورد",
"Entry No.","شماره مورد.",
"Entry Type"," نوعیت ثبت",
"Entry has Grand Total ${0}. Please verify amounts.","ورودی مجموع کل آن ${0} است. لطفاً مبلغ را تایید کنید.",
Equity,"حقوق صاحبان سهام",
Error,خطا,
"Exchange Gain/Loss","مفاد/ضرر تبادلات (ارزی)",
"Exchange Rate","نرخ تبادله",
"Excise Entry"," ثبت مالیات غیر مستقیم",
"Existing Company",دیتابیس موجود,
Expand,"باز کردن",
Expense,"مصارف",
"Expense Account","حساب مصارف",
Expenses,"مصارف",
"Expenses Included In Valuation","مصارف لحاظ شده در قیمت گذاری",
"Expiry Date","تاریخ انقضا",
Export,استخراج اطلاعات,
"Export Failed","استخراج ناموفق",
"Export Format","فرمت استخراج",
"Export Successful","استخراج موفق",
"Export Wizard","استخراج اطلاعات",
FIFO,,
Failed,ناموفق,
Fax,فکس,
Features,ویژگی‌ها,
February,فبروری,
Field,فیلد,
Fieldname,"نام فیلد",
"File ${0} does not exist.","فایل ${0} وجود ندارد.",
"File selection failed","انتخاب فایل نا موفق بود",
Filter,فیلتر,
"Fiscal Year","سال مالی",
"Fiscal Year End Date","تاریخ پایان سال مالی",
"Fiscal Year Start Date","تاریخ شروع سال مالی",
"Fix Failed","ترمیم ناموفق",
"Fixed Asset","دارایی ثابت (غیر جاری)",
"Fixed Assets","دارایی های ثابت",
"Following cells have errors: ${0}.","فیلد های زیر خطا دارند: ${0}.",
"Following links do not exist: ${absentLinks .map((l) =>",فیلد های زیر خطا دارند: ${0}.,
Font,فونت,
For,برای ,
"For Purchase","برای خرید",
"For Sales","برای فروش",
"Forbidden Error","خطای ممنوع دسترسی",
Fr,جمعه,
Fraction,واحد جزء ,
"Fraction Units","تعداد واحد جزء ",
"Frappe Books does not have access to the selected file: ${0}",نرم افزار دسترسی به فایل که شما انتخاب کردید را ندارد :${0},
"Freight and Forwarding Charges"," مصارف حمل و نقل",
From,از,
"From Account","از حساب",
"From Date","از تاریخ",
"From Loc.","از محل",
"From Year","از سال",
"Full Name","نام کامل",
"Furnitures and Fixtures","فرنیچر و وسایل تزئینی",
GST,,
"GSTIN No.",,
GSTR1,,
GSTR2,,
"Gain/Loss on Asset Disposal","سود/زیان در فروش دارایی",
General,عمومی,
General Ledger,دفتر کل,
"Get Started","آماده سازی سیستم",
Global,"قابل اجرا در تمام قسمت های سیتسم",
"Go back to the previous page","برگشت به صفحه قبل",
Gram,گرم,
"Grand Total","قیمت کل ",
"Greater Than","بزرگتر از",
Green,سبز,
"Group By","گروه بندی بر اساس",
HSN/SAC,,
"HSN/SAC Code",HSN/SAC کد,
"Half Yearly","نیمه سالانه",
"Half Years","نیمه سال ها",
"Has Batch",,
"Has Serial Number","سریال نمبر دارد",
"Height (in cm)",ارتفاع (به سانتی متر),
Help,راهنما,
"Hex Value",,
"Hidden values will be visible on Print on.","مقدار های پنهان در پرنت نمایش داده خواهد شد.",
"Hide Get Started","مخفی کردن بخش ""آماده سازی سیستم""",
"Hide Group Amounts"," مخفی کردن قیمت های گروه",
"Hide Month/Year","ماه/سال را مخفی کنید",
"Hides the Get Started section from the sidebar. Change will be visible on restart or refreshing the app.","بخش ""آماده سازی سسیتم"" را از نوار کناری پنهان کنید. تغییرات بعد از راه اندازی مجدد یا تازه کردن برنامه قابل مشاهده خواهند بود.",
Hour,ساعت,
INR,,
Image,تصویر,
"Import Complete","وارد کردن اطلاعات کامل شده است.",
"Import Data","وارد کردن دیتا",
"Import Data.","وارد کردن دیتا.",
"Import Type","نوع دیتا ورودی",
"Import Wizard","وارد کننده دیتا",
"Importer not set, reload tool","واردکننده تنظیم نشده است، ابزار را مجدداً بارگیری کنید.",
Inactive,غیرفعال,
"Include Cancelled","شامل کردن لغو شده ها",
Income,درآمد,
"Income Account","حساب درآمد",
"Increase print template display scale","افزایش اندازه نمایش تبمپلت چاپ",
Indigo,نیلی,
"Indirect Expenses","مصارف غیرمستقیم",
"Indirect Income","درآمد غیرمستقیم",
Inflow,"جریان ورودی",
"Instance Id",,
"Insufficient Quantity",تعداد ناکافي,
"Insufficient Quantity.","تعداد ناکافي.",
"Intergrated Tax",,
"Internal Precision",دقت محاسبات,
"Invalid Key Error","خطای کلید نامعتبر",
"Invalid barcode value ${0}.","بارکد نامعتبر ${0}.",
"Invalid value ${0} for ${1}","مقدار نامعتبر ${0} برای ${1}",
"Invalid value found for ${0}","مقدار نامعتبر برای ${0} یافت شد",
Inventory,انبارداری,
"Inventory Settings","تنظيمات انبارداری",
Investments,سرمایه‌گذاری‌ها,
Invoice,فاکتور,
"Invoice Created","فاکتور ایجاد شد",
"Invoice Date","تاريخ فاكتور",
"Invoice Item","کالا فاكتور",
"Invoice No","شماره فاكتور",
"Invoice No.","شماره فاكتور.",
"Invoice Value","قیمت فاكتور",
Invoices,"فاكتور ها",
Is,است,
"Is Custom","شخصی سازی شده؟",
"Is Empty"," خالی است",
"Is Group","گروه است",
"Is Landscape","افقی",
"Is Not",نیست,
"Is Not Empty"," خالی نیست",
"Is Price List Enabled","فعال کردن لیست قیمت",
"Is Whole"," قابل اعشاری نیست ",
Item,کالا,
"Item ${0} is a batched item",,
"Item ${0} is not a batched item",,
"Item Description","توضيحات کالا",
"Item Name","نام کالا",
"Item Prices",قیمت های کالا,
"Item with From location not found"," کالا که از انبار تعین شده پیدا نشد",
"Item with To location not found"," کالا که به انبار تعین شده پیدا نشد",
"Item with barcode ${0} not found.","کالا با بارکد ${0} یافت نشد",
Items,کالاها,
January,جنوری,
"John Doe",احمد,
"Journal Entries","ثبت شده های روزنامچه",
"Journal Entry","ثبت روزنامچه",
"Journal Entry Account"," حساب های روزنامچه",
"Journal Entry Number Series"," نمبر مسلسل روزنامچه",
"Journal Entry Print Template"," قالب چاپ روزنامچه",
July,جولای,
June,جون,
"Key Hints","راهنمای کلیدها",
Kg,کیلوگرم,
Language,زبان,
"Left Index",,
"Legal Expenses","مصارف حقوقی",
"Less Filters","فیلترهای کمتر",
"Less Than","کمتر از",
Liability,بدهی,
Limit,محدودیت,
"Link Validation Error","خطای تایید اعتبار لینک",
"Linked Entries","ثبت شده های مرتبط",
List,لیست,
"List View",لیست,
"Load an existing company from your computer",انتخاب یک دیتابیس موجود از کمپیوتر شما,
"Loading Report...","در حال بارگذاری گزارش ",
"Loading instance...","در حال ایجاد کردن...",
Loading...,"در حال بارگذاری",
"Loans (Liabilities)"," قرضه ها (بدهی ها)",
"Loans and Advances (Assets)","تسهیلات و قرض های اعطا شده (دارایی)",
Locale,محلی,
Location,انبار,
"Location Name","نام انبار",
Logo,لوگو,
"Make Entry","ثبت مورد",
"Make Payment On Submit","پرداخت هنگام ثبت",
"Make Purchase Receipt On Submit",ایجاد رسید خرید در زمان ثبت کردن,
"Make Shipment On Submit",ایجاد تحویل کالا در زمان ثبت کردن,
"Mandatory Error","خطای اجباری",
Manufacture,"تولیدی (خروج اجناس از انبار و ورود اجناس متفاوت به انبار )",
"Manufacture Date","تاریخ تولید",
"Mar 23, 2022","حمل 23 ,1402",
March,مارچ,
"Mark ${0} as submitted?"," نشان کردن ${0} به عنوان ثبت شده",
"Marketing Expenses","مصارف بازاریابی",
"Material Issue"," خروجی اجناس",
"Material Receipt"," دخولی اجناس",
"Material Transfer"," انتقال اجناس بین انبار ها",
May,می,
Meter,متر,
Misc,متفرقه,
Miscellaneous,متفرقه,
"Miscellaneous Expenses","مصارف متفرقه",
Mo,دوشنبه,
Modified,"تغییر یافته",
"Modified By","تغییر داده شده توسط",
Monthly,ماهانه,
Months,ماه‌ها,
More,بيشتر,
"More Filters","فيلتر هاي بيشتر",
"More shortcuts will be added soon.","بزودي شارت کت هاي بيشتري اضافه خواهد شد.",
"Movement Type","نوعیت انتقال",
"Moving Average"," میانگین",
Name,نام,
Navigate,پیمایش,
"Net Total","جمع کل ",
"New ${0}","${0} جدید",
"New ${0} ${1}","${0} جدید ${1}",
"New Account","حساب جدید",
"New Company",دیتابیس جدید,
"New Entry","ورودی جدید",
"New Template","قالب جدید",
No,نخیر,
"No Display Entries Found"," موردی برای نمایش پیدا نشد",
"No Print Templates not found for entry type ${0}","هیچ قالب چاپی برای نوع ورودی ${0} یافت نشد.",
"No Value","بدون مقدار",
"No Values to be Displayed","هیچ مقداری برای نمایش وجود ندارد.",
"No entries found","هیچ موردی یافت نشد.",
"No entries were imported.","هیچ موردی وارد نشده است.",
"No expenses in this period","هیچ مصرفی در این دوره وجود ندارد.",
"No filters selected","هیچ فیلتری انتخاب نشده است.",
"No linked entries found"," هیج ثبت شده مرتبط پیدا نشد",
"No results found","هیچ نتیجه‌ای یافت نشد.",
"No rows added. Select a file or add rows.","هیچ ردیف اضافه نشده است. یک فایل را انتخاب کنید یا ردیف‌ ها را اضافه کنید.",
"No transactions yet","هنوز هيچ تراکنشي وجود ندارد",
"Non Active Serial Number ${0} cannot be used as Manufacture raw material"," شماره سريال غير فعال ${0} نمي تواند براي انتقال تولیدی اجناس استفاده شود",
"Non Active Serial Number ${0} cannot be used for Material Issue","شماره سريال غير فعال ${0} نمي تواند برای خروجی اجناس استفاده شود",
"Non Active Serial Number ${0} cannot be used for Material Transfer","شماره سريال غير فعال ${0} نمي تواند براي انتقال اجناس بین انبار ها استفاده شود",
"Non Inactive Serial Number ${0} cannot be used for Material Receipt","شماره سريال غير غيرفعال ${0} نمي تواند براي دخولی اجناس استفاده شود",
None,هيچكدام,
"Not Found","پیدا نشد",
"Not Saved","ذخیره نشده",
"Not Submitted","ثبت نشده",
"Not Transferred","انتقال داده نشده",
Notes,یادداشت‌ها,
November,نوامبر,
"Number Display","نمایش شماره",
"Number Series","شماره مسلسل ",
"Number of ${0}","تعداد ${0}",
"Number of Rows","تعداد ردیف ها",
October,اکتبر,
"Office Equipments","تجهیزات دفتر",
"Office Maintenance Expenses","مصارف تعمیر و نگه‌داری دفتر",
"Office Rent","کرایه دفتر",
Okay,خوب,
"Onboarding Complete","پروسه‌ی ورود به سیستم کامل شد",
"Only From or To can be set for Manufacture"," تنها از ویا به میتواند در انتقال تولیدی اجناس تنظیم شود",
"Open Count",,
"Open Documentation","اسناد را باز کنید.",
"Open Folder","بازکردن فولدر",
"Open Print View"," باز کردن نمایش چاپ",
"Open Print View if Print is available."," باز کردن نمایش چاپ در صورت که پرنت در دسترس باشد",
"Open Quick Search","بازکردن جستجو",
"Open Report Print View","باز کردن نمایش چاپ گزارش",
"Open the Export Wizard modal"," بازکردن استخراج گرفتن دیتا",
"Opening (Cr)","افتتاح (Cr)",
"Opening (Dr)","افتتاح (Dr)",
"Opening Balance Equity",سرمایه اولیه صاحبان سهام,
"Opening Balances","بیلانس افتتاحیه",
"Opening Entry"," ثبت افتتاحیه",
Orange,نارنجی,
Organisation,"سازمان (شرکت)",
Outflow,"جریان خروجی",
Outstanding,"واریز نشده",
"Outstanding Amount","مبلغ تسویه نشده",
"Pad Zeros","تعداد خانه های ارقام ",
Page,صفحه,
Paid,"پرداخت شده",
"Paid ${0}","پرداخت شده ${0}",
Parent,والد,
"Parent Account",حساب والد ,
Party,"طرف حساب ",
"Patch Run",,
Pay,"پرداخت پول",
Payable,"قابل پرداخت",
Payment,پرداخت,
"Payment For","پرداخت برای",
"Payment Method","روش پرداخت",
"Payment No","شماره پرداخت",
"Payment Number Series","شماره مسلسل پرداخت",
"Payment Print Template","قالب چاپ پرداخت",
"Payment Reference","رفرنس پرداخت",
"Payment Type","نوع پرداخت",
"Payment amount cannot be ${0}.","مبلغ پرداخت نمی تواند ${0} باشد.",
"Payment amount cannot be less than zero.","مبلغ پرداخت نمی تواند کمتر از صفر باشد.",
"Payment amount cannot exceed ${0}.","مبلغ پرداخت نمی تواند بیش از ${0} باشد.",
"Payment amount: ${0} should be greater than 0.","مبلغ پرداخت: ${0} باید بیشتر از 0 باشد.",
"Payment amount: ${0} should be less than Outstanding amount: ${1}.","مبلغ پرداخت: ${0} باید کمتر از مبلغ باقیمانده: ${1} باشد.",
"Payment of ${0} will be made from account ""${1}"" to account ""${2}"" on Submit.","پرداخت ${0} برای حساب ""${1}"" به حساب ""${2}"" در زمان ثبت انجام می‌شود.",
Payments,پرداخت‌ها,
"Payroll Payable","معاش های پرداختنی",
"Pending Qty. ${0}","تعداد در انتظار ${0}",
"Pending qty. ${0}","تعداد در انتظار ${0}",
Periodicity,دوره,
Phone,تلفن,
"Pick Columns","ستون ها را انتخاب کنید",
"Pick Import Columns","ستون‌های وارد را انتخاب کنید",
Pink,صورتی,
Place,محل,
"Place of supply","محل تامین",
"Plants and Machineries","تاسیسات و ابزار آلات",
"Please Wait","لطفاً صبر کنید.",
"Please check Key Hints for valid key names",لطفاٌ رهنمای کلیدها را برای پیدا کردن نام های درست بررسی کنید,
"Please create a ${0} entry to view Template Preview."," لطفاٌ یک مورد جدید ${0} را ایجاد کنید تا بتوانید پیش نمایش قالب را ببنید.",
"Please fill all values.","لطفاً تمام مقادیر را پر کنید.",
"Please restart and try again.","لطفاً مجدداٌ راه‌اندازی کرده و دوباره امتحان کنید.",
"Please select a Print Template","لطفاً یک قالب چاپ را انتخاب کنید.",
"Please select a valid reference type.","لطفاً نوعیت رفرنس را صحیح را انتخاب کنید.",
"Please set GSTIN in General Settings.",,
"Please set Round Off Account in the Settings.","لطفاٌ حساب گرد کردن (روند آف) را در تنظیمات تنظیم کنید",
"Please set a Display Doc",لطفاٌ یک سند را برای نمایش تنظیم کنید,
"Postal Code","کد پستی",
"Postal Expenses","مصارف پستی",
"Posting Date","تاریخ ثبت",
Prefix,پیشوند,
"Price List",لیست قیمت ها,
"Price List Item",آیتم لیست قیمت ها,
"Prime Bank","بانک اصلی",
Print,چاپ,
"Print ${0}",چاپ ${0},
"Print Settings","تنظیمات چاپ",
"Print Setup","راه‌اندازی چاپ",
"Print Template","قالب چاپ",
"Print Template Name not set","نام قالب چاپ تنظیم نشده است.",
"Print Template is empty","قالب چاپ خالی است.",
"Print Templates","قالب های چاپ",
"Print View","نمایش چاپ",
"Print and Stationery","چاپ و لوازم التحریر",
Product,محصول,
Profit And Loss,مفاد و ضرر,
Profit and Loss,مفاد و ضرر,
Purchase,خرید,
"Purchase Acc.","حساب خرید ",
"Purchase Invoice","فاکتور خرید",
"Purchase Invoice Item","کالا فاکتور خرید",
"Purchase Invoice Number Series","شماره مسلسل فاکتور خرید",
"Purchase Invoice Print Template","قالب چاپ فاکتور خرید",
"Purchase Invoice Terms","یادداشت فاکتور خرید",
"Purchase Invoices","فاکتورهای خرید",
"Purchase Item","کالا خرید",
"Purchase Item Created","کالا خرید ایجاد شد",
"Purchase Items","کالاهای خرید",
"Purchase Payment","پرداخت خرید",
"Purchase Payment Account","حساب پرداخت خرید ",
"Purchase Payments","پرداخت های خرید",
"Purchase Receipt","رسید خرید",
"Purchase Receipt Item","آیتم رسید خرید",
"Purchase Receipt Location",انبار رسید خرید,
"Purchase Receipt Number Series","شماره مسلسل رسید خرید",
"Purchase Receipt Print Template","قالب چاپ رسید خرید",
"Purchase Receipt Terms","یادداشت رسید خرید",
Purchases,خرید‌,
Purple,بنفش,
"Qty. ${0}","تعداد ${0}",
"Qty. in Transfer Unit",تعداد. در واحد انتقال,
Quantity,تعداد,
"Quantity (${0}) has to be greater than zero","تعداد (${0}) باید بیشتر از صفر باشد.",
"Quantity needs to be set","باید تعداد تنظیم شود.",
Quarterly,فصلی,
Quarters,فصول,
"Quick Search","جستجوی سریع",
"Quick edit error: ${0} entry has no name.","خطای ویرایش سریع: ورودی ${0} نام ندارد.",
Rate,"قیمت فی ",
"Rate (${0}) cannot be less zero.","قیمت فی (${0}) نمی‌تواند کمتر از صفر باشد.",
"Rate (${0}) has to be greater than zero","قیمت فی (${0}) باید بیشتر از صفر باشد.",
"Rate can't be negative.","قیمت فی نمی‌تواند منفی باشد.",
"Rate needs to be set","باید قیمت فی تنظیم شود.",
"Raw Value: ${0}",قیمت خام: ${0},
Receivable,"قابل دریافت",
Receive,دریافت پول,
Red,سرخ,
"Ref Name","نام رفرنس",
"Ref Type","نوع رفرنس ",
"Ref. / Cheque No.","شماره رفرنس/ چک.",
"Ref. Date","تاریخ رفرنس",
"Ref. Name","نام رفرنس",
"Ref. Type","نوع رفرنس ",
Reference,رفرنس,
"Reference Date","تاریخ رفرنس",
"Reference Number","شماره رفرنس",
"Reference Type","نوع رفرنس ",
References,"رفرنس ها",
"Reload Frappe Books?"," بسته و باز کردن نرم افزار؟",
Report,گزارش,
"Report Error","گزارش خطا",
"Report Issue","گزارش مشکل",
"Report will use more than one page if required.","گزارش در صورت نیاز در چند صفحه خواهد بود.",
Reports,گزارش,
"Required fields not selected: ${0}","فیلدهای الزامی انتخاب نشده اند: ${0}",
"Retained Earnings","سود انباشته",
"Reverse Chrg.",,
Reverted,"برگشت داده شد",
Reverts,برگشت‌ها,
"Review Accounts","مرور حساب‌ها",
"Review your chart of accounts, add any account or tax heads as needed","چارت حساب‌های خود را بررسی کنید و در صورت نیاز حساب مورد نظر خود را اضافه کنید",
"Right Index",,
Role,نقش ,
"Root Type",نوع والد ,
"Round Off"," روند آف",
"Round Off Account"," حساب روند آف ",
"Round Off Account Not Found"," حساب روند آف پیدا نشد",
"Rounded Off"," روند آف",
"Row ${0}","ردیف ${0}",
Sa,شنبه,
Salary,"معاش و دستمزد",
Sales,فروش,
"Sales Acc.","حساب فروش ",
"Sales Expenses","مصارف فروش",
"Sales Invoice","فاکتور فروش",
"Sales Invoice Item","کالا فاکتور فروش",
"Sales Invoice Number Series","شماره مسلسل فاکتور فروش",
"Sales Invoice Print Template","قالب چاپ فاکتور فروش",
"Sales Invoice Terms","یادداشت فاکتور فروش",
"Sales Invoices","فاکتورهای فروش",
"Sales Item","کالا فروش",
"Sales Item Created","کالا فروش ایجاد شد",
"Sales Items","کالاهای فروش",
"Sales Payment","پرداخت فروش",
"Sales Payment Account","حساب پرداخت فروش ",
"Sales Payments","پرداخت های فروش",
"Sales and Purchase",خرید و فروش,
Save,ذخیره,
"Save ${0}?","ذخیره ${0}؟",
"Save Template","ذخیره قالب",
"Save Template File","ذخیره فایل قالب",
"Save as PDF","ذخیره به عنوان PDF",
"Save as PDF Successful","ذخیره به عنوان PDF موفقیت‌آمیز بود",
"Save changes made to ${0}?","آیا میخواهید تغییرات اعمال شده در ${0} را ذخیره کنید؟",
"Save or Submit an entry.","یک ورودی را ذخیره یا ثبت کنید.",
Saved,"ذخیره شد",
"Secured Loans",قرض های تضمین شده,
"Securities and Deposits",اوراق بهادار و سپرده ها,
Select,"انتخاب کنید",
"Select CoA"," انتخاب چارت حسابها",
"Select Color","انتخاب رنگ",
"Select Country","انتخاب کشور",
"Select File","انتخاب فایل",
"Select Folder","انتخاب فولدر",
"Select Image","انتخاب تصویر",
"Select Template File","انتخاب فایل قالب",
"Select a Display Doc to view the Template"," یک سند را انتخاب کنید تا قالب پرینت را ببنید",
"Select a Template type","یک نوع قالب را انتخاب کنید",
"Select a pre-defined page size, or set a custom page size for your Print Template.",یک اندازه صفحه از پیش تعریف شده را انتخاب کنید،یا اندازه صفحه سفارشی برای قالب چاپ خود تنظیم کنید,
"Select column","انتخاب ستون",
"Select file","انتخاب فایل",
Selected,"انتخاب شده",
September,سپتامبر,
"Serial Number","سریال نمبر",
"Serial Number ${0} does not belong to the item ${1}.","سریال نمبر ${0} متعلق به کالا ${1} نیست",
"Serial Number ${0} does not exist.","سریال نمبر ${0} وجود ندارد.",
"Serial Number ${0} is not Active.","سریال نمبر ${0} فعال نیست.",
"Serial Number ${0} is not Inactive","سریال نمبر ${0} غیرفعال نیست",
"Serial Number Description","توضیحات سریال نمبر",
"Serial Number is enabled for Item ${0}","سریال نمبر برای کالا ${0} فعال است",
"Serial Number is not enabled for Item ${0}","سریال نمبر برای کالا ${0} فعال نیست",
"Serial Number not set for row ${0}.","سریال نمبر برای ردیف ${0} تنظیم نشده است.",
"Serial Number set for row ${0}.","سریال نمبر برای ردیف ${0} تنظیم شده است.",
Service,خدمات,
"Set Discount Amount","تنظیم مقدار تخفیف",
"Set Period","تنظیم دوره",
"Set Print Size","اندازه صفحه پرنت را تنظیم کنید",
"Set Up","تنظیم کردن",
"Set Up Your Workspace","فضای کاری خود را تنظیم کنید",
"Set a Template value to see the Print Template"," یک مقدار را برای قالب تنظیم کنید تا بتوانید قالب چاپ را ببنید",
"Set an Import Type"," نوعیت دیتا واردی را انتخاب کنید",
"Set the display language.","زبان سیستم را تنظیم کنید",
"Set the local code. This is used for number formatting."," کود محلی را انتخاب کنید. این برای فرمت دهی شماره ها استفاده میشود.",
"Set up your company information, email, country and fiscal year","اطلاعات شرکت خود، ایمیل، کشور و سال مالی خود را تنظیم کنید.",
"Set up your opening balances before performing any accounting entries"," بیلانس افتتاحیه خود را قبل از اجرای عملیات حسابداری تنظیم کنید",
"Set up your organization","شرکت خود را تنظیم کنید.",
"Set up your tax templates for your sales or purchase transactions","نرخ مالیات را برای فروش یا خرید های تان تنظیم کنید.",
"Sets how many digits are shown after the decimal point.","تعداد ارقام نشان داده شده پس از نقطه اعشار را تعین می‌کند.",
"Sets the app-wide date display format.","فرمت نمایش تاریخ در سطح برنامه را تعین می‌کند.",
"Sets the internal precision used for monetary calculations. Above 6 should be sufficient for most currencies.","دقت داخلی استفاده شده برای محاسبات پول. بالاتر از 6 برای اکثر ارز‌ها کافی است.",
"Setting Up Instance",در حال ایجاد,
Settings,تنظيمات,
Setup,تنظیمات,
"Setup Complete"," تنظیمات تکمیل شد",
"Setup Wizard"," تنظیم کردن",
"Setup system defaults like date format and display precision","فرمت تاریخ و رقمهای بعد اعشاری را تعین کنید",
Shipment,"تحویل اجناس",
"Shipment Item"," جنس تحویل ",
"Shipment Location",انبار انتقال کالا,
"Shipment Number Series"," نمبر مسلسل تحویل کالا",
"Shipment Print Template"," قالب پرینت تحویل کالا",
"Shipment Terms"," یادداشت های تحویل کالا",
Shortcuts,"شارت کت ها",
"Should entries be submitted after syncing?",؟آیا موارد بعد از منظم شدن ثبت شوند ,
"Show HSN"," نمایش کود HSN",
"Show Me","نشان دادن",
"Show Month/Year","نمایش ماه/سال",
"Single Value","مقدار واحد",
"Skip Child Tables"," نادیده گرفتن جدول های زیر مجموعه",
"Skip Transactions"," نادیده گرفتن معامله ها",
"Smallest Currency Fraction Value","کوچکترین مقدار واحد جزء ",
Softwares,نرم‌افزارها,
"Something has gone terribly wrong. Please check the console and raise an issue.","چیزی به شدت اشتباه شده است. لطفاً کنسول را بررسی کنید و یک مشکل را مطرح کنید.",
"Source of Funds (Liabilities)","بدهی ها",
"Standard Chart of Accounts","چارت استاندارد حساب‌ها",
Start,شروع ,
"Start From Row Index","شروع از ردیف شماره",
State,ولایت,
"State Tax","مالیات ولایتی",
Status,وضعیت,
Stock,"موجودی ",
"Stock Adjustment","تعدیل و اصلاح موجودی",
"Stock Assets",موجودی مواد و کالا,
"Stock Balance",بیلانس موجودی,
"Stock Entries",ثبت های اجناس,
"Stock Expenses",مصارف اجناس,
"Stock In Hand",اجناس در دست,
"Stock In Hand Acc.",حساب اجناس در دست,
"Stock Ledger",دفترچه موجودی,
"Stock Ledger Entry",وروی دفترچه موجودی,
"Stock Liabilities",بدهی های اجناس,
"Stock Movement"," جابجایی اجناس",
"Stock Movement Item",آیتم جابجایی اجناس,
"Stock Movement No.",شماره جابجایی اجناس,
"Stock Movement Number Series",نمبر مسلسل جابجایی اجناس,
"Stock Movement Print Template",قالب چاپ جابجایی اجناس,
"Stock Movements",جابجایی های اجناس,
"Stock Not Transferred",کالا انتقال داده نشده,
"Stock Received But Not Billed",اجناس دریافت شده اما فاكتور نشده,
"Stock Received But Not Billed Acc.",حساب اجناس دریافت شده اما فاکتور نشده,
"Stock Transfer Item",آیتم انتقال کالا,
"Stock Unit",واحد جنس,
StockTransfer,انتقال جنس,
Stores,انبار فروشگاه,
Su,یکشنبه,
Submit,ثبت,
"Submit ${0}?","؟ ${0} ثبت",
"Submit entries?"," ثبت ورودی ها",
Submitted,"ثبت شده",
Success,موفق,
Supplier,"تامین‌ کننده",
"Supplier Created","تامین‌ کننده ایجاد شد",
Suppliers,"تامین‌ کنندگان",
Symbol,سمبول ,
System,سیستم,
"System Settings","تنظیمات سیستم",
"System Setup","راه‌اندازی سیستم",
Tax,مالیات,
"Tax Account","حساب مالیات",
"Tax Amount","مقدار مالیات",
"Tax Assets","دارایی‌های مالیاتی",
"Tax Detail","جزئیات مالیات",
"Tax ID","آی دی مالیاتی",
"Tax Rate","نرخ مالیات",
"Tax Summary","خلاصه مالیات",
"Tax and Totals","مالیات و مجموع",
"Taxable Value","ارزش قابل مالیات",
"Taxed Amount","مبلغ بعد از مالیات",
Taxes,مالیات‌ها,
Teal,فیروزه‌ای,
"Telephone Expenses","مصارف تلفن",
Template,قالب,
"Template Builder","سازنده قالب",
"Template Compilation Error","خطای کامپایل قالب",
"Template Name","نام قالب",
"Template Type","نوع قالب",
"Template file saved","فایل قالب ذخیره شد.",
Temporary,موقت,
"Temporary Accounts","حساب‌های موقت",
"Temporary Opening","افتتاحیه موقت",
Terms,"یادداشت‌ ها",
Th,پنجشنبه,
"The following characters cannot be used ${0} in a Number Series name.","کاراکترهای زیر نمی‌توانند در نام شماره مسلسل استفاده شوند ${0}.",
"The following items have insufficient quantity for Shipment: ${0}",موارد ذیل دارای مقدار کافی برای تحویل کالا نمی باشند: ${0},
"This Month","این ماه",
"This Quarter","این فصل",
"This Year","این سال",
"This action is permanent","این عمل دائمی است",
"This action is permanent and will cancel the following payment: ${0}","این عمل دائمی است و پرداخت زیر را لغو خواهد کرد: ${0}.",
"This action is permanent and will cancel the following payments: ${0}","این عمل دائمی است و پرداخت‌های زیر را لغو خواهد کرد: ${0}.",
"This action is permanent and will delete associated ledger entries.","این عمل دائمی است و ورودی های مرتبط در روزنامچه را حذف خواهد کرد.",
"This action is permanent.","این عمل دائمی است",
"Times New Roman",,
To,به,
"To Account","به حساب",
"To Account and From Account can't be the same: ${0}"," به حساب و از حساب نمیتوانند یکسان باشد",
"To Date","تا تاریخ",
"To Loc.","به انبار",
"To Year","تا سال",
"Toggle Edit Mode","باز و بسته کردن حالت ویرایش",
"Toggle Key Hints","باز و بسته کردن رهنمای کلید ها",
"Toggle Linked Entries widget, not available in Quick Edit view.","باز و بسته کردن نوار ثبت شده های مرتبط",
"Toggle between form and full width",باز و بسته کردن حالت صفحه کامل,
"Toggle sidebar","باز و بسته کردن نوار کناری",
"Toggle the Create filter","فعال و غیر فعال کردن فیلتر ایجاد",
"Toggle the Docs filter","فعال و غیر فعال کردن فیلتر اسناد",
"Toggle the List filter","فعال و غیر فعال کردن فیلتر لیست",
"Toggle the Page filter","فعال و غیر فعال کردن فیلتر صفحه",
"Toggle the Report filter","فعال و غیر فعال کردن فیلتر گزارش",
"Top Expenses","بیشترین مصارف",
Total,مجموع,
"Total Amount","مقدار کل",
"Total Asset (Debit)","دارایی کل (دبت)",
"Total Debit: ${0} must be equal to Total Credit: ${1}","مجموع دبت: ${0} باید برابر با مجموع کردیت: ${1} باشد.",
"Total Discount","مجموع تخفیف",
"Total Equity (Credit)","حقوق صاحبان سهام کل (کردیت)",
"Total Expense (Debit)","مجموع مصارف (دبت)",
"Total Income (Credit)","درآمد کل (کردیت)",
"Total Liability (Credit)","بدهی کل (کردیت)",
"Total Profit","مجموع مفاد",
"Total Spending","مجموع مصارف",
"Track Item"," ردگیری کالا در انبار",
Transfer,انتقال,
"Transfer No","شماره انتقال",
"Transfer Type","نوع انتقال",
"Transfer Unit","واحد انتقال",
"Transfer Unit ${0} is not applicable for Item ${1}","واحد انتقال ${0} برای کالا ${1} قابل استفاده نیست.",
"Transfer will cause future entries to have negative stock.","انتقال باعث خواهد شد ورودی‌های آینده موجودی منفی داشته باشند.",
"Travel Expenses","مصارف سفر",
Trial Balance,تریل بیلانس,
Tu,سه‌شنبه,
Type,نوع ,
"Type to search...","برای جستجو تایپ کنید...",
UOM,"واحد اندازه گیری",
"UOM Conversion Item","آیتم تبدیل واحد اندازه گیری",
"UOM Conversions","تبدیلات واحد های اندازه گیری",
Unit,عدد,
"Unit Type","نوع واحد ",
Unpaid,"پرداخت نشده",
"Unpaid ${0}","${0} پرداخت نشده",
"Unsecured Loans","قرض های تضمین نشده",
"Until Date","تا تاريخ",
"Use Full Width",استفاده صفحه کامل,
"Use List Filters",استفاده فیلترهای کمتر,
"User Remark","يادداشت كاربر",
"Utility Expenses","هزينه هاي خدماتي",
"Validation Error","خطای اعتبارسنجی",
"Valuation Method","روش ارزشگذاری",
Value,مقدار,
"Value missing for ${0}","عدم وجود مقدار برای ${0}",
"Value: ${0}","مقدار: ${0}",
Version,نسخه,
View,مشاهده,
"View Accounting Entries","مشاهده ثبت شده های حسابداری ",
"View Paid Invoices","مشاهده فاکتورهای پرداخت شده",
"View Purchases","مشاهده خرید‌ها",
"View Sales","مشاهده فروش‌ها",
"View Stock Entries","مشاهده ورودی‌های موجودی",
"View Unpaid Invoices","مشاهده فاکتورهای پرداخت نشده",
"View linked entries","مشاهده ثبت شده های مرتبط",
We,چهارشنبه,
"Welcome to Frappe Books",به نرم افزار حسابداری زرین خوش آمدید,
"Width (in cm)",عرض (به سانتی متر),
"Write Off","کسر",
"Write Off Account"," حساب کسر",
"Write Off Account ${0} does not exist. Please set Write Off Account in General Settings"," حساب کسر  ${0} وجود ندارد. لطفاٌ در تنظیمات آنرا تنظیم کنید",
"Write Off Account not set. Please set Write Off Account in General Settings","حساب کسر  تنظیم نشده است . لطفاٌ در تنظیمات آنرا تنظیم کنید",
"Write Off Entry","ثبت کسر",
Yearly,سالانه,
Years,سال‌ها,
Yellow,زرد,
Yes,بله,
"check values and click on","مقادیر را بررسی کرده و کلیک کنید",
"in Batch ${0}",,
john@doe.com,,
"to apply changes","برای اعمال تغییرات کلیک کنید.",
Solar Hijri,هجری شمسی,
Gregory,میلادی,
Moon Hijri,هجری قمری,
Date Type,نوع تقویم برنامه,
Balance Qty.,بیلانس تعداد,
Incoming rate,قیمت ورودی,
Valuation Rate,قیمت ارزش گذاری,
Balance Value,بیلانس قیمت,
Value Change,تغیر قیمت,
Opening Qty.,تعداد افتتاح,
Opening Value,قیمت افتتاح,
In Qty.,تعداد ورود,
In Value,قیمت ورود,
Out Qty.,تعداد خروج,
Out Value,قیمت خروج,
